Workbook

Sheet Summary
A1: PricePilot AI - API & Model Test Report
A2: Generated: 2026-10-08 18:51
A4: Total tests | B4: =COUNTA('Test Cases'!$E$2:$E$83)
A5: Passed | B5: =COUNTIF('Test Cases'!$E$2:$E$83,"PASSED")
A6: Failed | B6: =COUNTIF('Test Cases'!$E$2:$E$83,"FAILED")
A7: Errors | B7: =COUNTIF('Test Cases'!$E$2:$E$83,"ERROR")
A8: Skipped | B8: =COUNTIF('Test Cases'!$E$2:$E$83,"SKIPPED")
A9: Pass rate | B9: =IF(B4=0,0,B5/B4)
A12: Module | B12: Total | C12: Passed | D12: Failed / Error | E12: Pass rate
A13: test_alerts | B13: =COUNTIF('Test Cases'!$B$2:$B$83,A13) | C13: =COUNTIFS('Test Cases'!$B$2:$B$83,A13,'Test Cases'!$E$2:$E$83,"PASSED") | D13: =COUNTIFS('Test Cases'!$B$2:$B$83,A13,'Test Cases'!$E$2:$E$83,"FAILED")+COUNTIFS('Test Cases'!$B$2:$B$83,A13,'Test Cases'!$E$2:$E$83,"ERROR") | E13: =IF(B13=0,0,C13/B13)
A14: test_audit | B14: =COUNTIF('Test Cases'!$B$2:$B$83,A14) | C14: =COUNTIFS('Test Cases'!$B$2:$B$83,A14,'Test Cases'!$E$2:$E$83,"PASSED") | D14: =COUNTIFS('Test Cases'!$B$2:$B$83,A14,'Test Cases'!$E$2:$E$83,"FAILED")+COUNTIFS('Test Cases'!$B$2:$B$83,A14,'Test Cases'!$E$2:$E$83,"ERROR") | E14: =IF(B14=0,0,C14/B14)
A15: test_auth | B15: =COUNTIF('Test Cases'!$B$2:$B$83,A15) | C15: =COUNTIFS('Test Cases'!$B$2:$B$83,A15,'Test Cases'!$E$2:$E$83,"PASSED") | D15: =COUNTIFS('Test Cases'!$B$2:$B$83,A15,'Test Cases'!$E$2:$E$83,"FAILED")+COUNTIFS('Test Cases'!$B$2:$B$83,A15,'Test Cases'!$E$2:$E$83,"ERROR") | E15: =IF(B15=0,0,C15/B15)
A16: test_eda | B16: =COUNTIF('Test Cases'!$B$2:$B$83,A16) | C16: =COUNTIFS('Test Cases'!$B$2:$B$83,A16,'Test Cases'!$E$2:$E$83,"PASSED") | D16: =COUNTIFS('Test Cases'!$B$2:$B$83,A16,'Test Cases'!$E$2:$E$83,"FAILED")+COUNTIFS('Test Cases'!$B$2:$B$83,A16,'Test Cases'!$E$2:$E$83,"ERROR") | E16: =IF(B16=0,0,C16/B16)
A17: test_forecast | B17: =COUNTIF('Test Cases'!$B$2:$B$83,A17) | C17: =COUNTIFS('Test Cases'!$B$2:$B$83,A17,'Test Cases'!$E$2:$E$83,"PASSED") | D17: =COUNTIFS('Test Cases'!$B$2:$B$83,A17,'Test Cases'!$E$2:$E$83,"FAILED")+COUNTIFS('Test Cases'!$B$2:$B$83,A17,'Test Cases'!$E$2:$E$83,"ERROR") | E17: =IF(B17=0,0,C17/B17)
A18: test_insight | B18: =COUNTIF('Test Cases'!$B$2:$B$83,A18) | C18: =COUNTIFS('Test Cases'!$B$2:$B$83,A18,'Test Cases'!$E$2:$E$83,"PASSED") | D18: =COUNTIFS('Test Cases'!$B$2:$B$83,A18,'Test Cases'!$E$2:$E$83,"FAILED")+COUNTIFS('Test Cases'!$B$2:$B$83,A18,'Test Cases'!$E$2:$E$83,"ERROR") | E18: =IF(B18=0,0,C18/B18)
A19: test_pricing | B19: =COUNTIF('Test Cases'!$B$2:$B$83,A19) | C19: =COUNTIFS('Test Cases'!$B$2:$B$83,A19,'Test Cases'!$E$2:$E$83,"PASSED") | D19: =COUNTIFS('Test Cases'!$B$2:$B$83,A19,'Test Cases'!$E$2:$E$83,"FAILED")+COUNTIFS('Test Cases'!$B$2:$B$83,A19,'Test Cases'!$E$2:$E$83,"ERROR") | E19: =IF(B19=0,0,C19/B19)
A20: test_products | B20: =COUNTIF('Test Cases'!$B$2:$B$83,A20) | C20: =COUNTIFS('Test Cases'!$B$2:$B$83,A20,'Test Cases'!$E$2:$E$83,"PASSED") | D20: =COUNTIFS('Test Cases'!$B$2:$B$83,A20,'Test Cases'!$E$2:$E$83,"FAILED")+COUNTIFS('Test Cases'!$B$2:$B$83,A20,'Test Cases'!$E$2:$E$83,"ERROR") | E20: =IF(B20=0,0,C20/B20)
A21: test_reports | B21: =COUNTIF('Test Cases'!$B$2:$B$83,A21) | C21: =COUNTIFS('Test Cases'!$B$2:$B$83,A21,'Test Cases'!$E$2:$E$83,"PASSED") | D21: =COUNTIFS('Test Cases'!$B$2:$B$83,A21,'Test Cases'!$E$2:$E$83,"FAILED")+COUNTIFS('Test Cases'!$B$2:$B$83,A21,'Test Cases'!$E$2:$E$83,"ERROR") | E21: =IF(B21=0,0,C21/B21)
A22: test_users | B22: =COUNTIF('Test Cases'!$B$2:$B$83,A22) | C22: =COUNTIFS('Test Cases'!$B$2:$B$83,A22,'Test Cases'!$E$2:$E$83,"PASSED") | D22: =COUNTIFS('Test Cases'!$B$2:$B$83,A22,'Test Cases'!$E$2:$E$83,"FAILED")+COUNTIFS('Test Cases'!$B$2:$B$83,A22,'Test Cases'!$E$2:$E$83,"ERROR") | E22: =IF(B22=0,0,C22/B22)

Sheet Test Cases
A1: Test ID | B1: Module | C1: Test Name | D1: What it checks | E1: Status | F1: Duration (s) | G1: Failure / skip message
A2: TC-001 | B2: test_alerts | C2: test_list_alerts_happy_path | D2: Checks that GET /api/alerts returns 200 with active proactive alert objects and metadata. | E2: PASSED | F2: 0.964
A3: TC-002 | B3: test_alerts | C3: test_get_alert_by_id_happy_path | D3: Checks that GET /api/alerts/{alert_id} returns 200 with the matching alert details. | E3: PASSED | F3: 0.164
A4: TC-003 | B4: test_alerts | C4: test_dismiss_alert_happy_path | D4: Checks that POST /api/alerts/{alert_id}/dismiss removes the alert and returns status dismissed. | E4: PASSED | F4: 0.103
A5: TC-004 | B5: test_alerts | C5: test_list_alerts_without_token_returns_401 | D5: Checks that GET /api/alerts without authorization token rejects with 401 Unauthorized. | E5: PASSED | F5: 0.009
A6: TC-005 | B6: test_alerts | C6: test_get_alert_by_id_without_token_returns_401 | D6: Checks that GET /api/alerts/alert_gap_prod_001 without authorization token rejects with 401 Unauthorized. | E6: PASSED | F6: 0.013
A7: TC-006 | B7: test_alerts | C7: test_dismiss_alert_without_token_returns_401 | D7: Checks that POST /api/alerts/alert_gap_prod_001/dismiss without token rejects with 401 Unauthorized. | E7: PASSED | F7: 0.017
A8: TC-007 | B8: test_alerts | C8: test_get_nonexistent_alert_returns_404 | D8: Checks that GET /api/alerts/alert_nonexistent_999 returns 404 Not Found instead of 500. | E8: PASSED | F8: 0.152
A9: TC-008 | B9: test_audit | C9: test_get_audit_logs_happy_path | D9: Checks that GET /api/audit-logs returns 200 for Admin with chronologically ordered log entries. | E9: PASSED | F9: 0.243
A10: TC-009 | B10: test_audit | C10: test_get_single_audit_log_happy_path | D10: Checks that GET /api/audit-logs/{log_id} returns 200 for Admin with matching log details. | E10: PASSED | F10: 0.025
A11: TC-010 | B11: test_audit | C11: test_audit_logs_without_token_returns_401 | D11: Checks that GET /api/audit-logs without authorization token rejects with 401 Unauthorized. | E11: PASSED | F11: 0.006
A12: TC-011 | B12: test_audit | C12: test_single_audit_log_without_token_returns_401 | D12: Checks that GET /api/audit-logs/1 without authorization token rejects with 401 Unauthorized. | E12: PASSED | F12: 0.005
A13: TC-012 | B13: test_audit | C13: test_audit_logs_analyst_token_returns_403_forbidden | D13: Checks that GET /api/audit-logs rejects a Business Analyst token with 403 Forbidden. | E13: PASSED | F13: 0.013
... A83: TC-082 | B83: test_users | C83: test_delete_nonexistent_user_returns_404 | D83: Checks that DELETE /api/users/999999 returns 404 Not Found instead of 500. | E83: PASSED | F83: 0.029
